{
 "kind": "youtube#videoListResponse",
 "etag": "\"j6xRRd8dTPVVptg711_CSPADRfg/QG-4a57wDKwbTG85KFahNZMIPcw\"",
 "nextPageToken": "CAUQAA",
 "pageInfo": {
  "totalResults": 200,
  "resultsPerPage": 5
 },
 "items": [
  {
   "kind": "youtube#video",
   "etag": "\"j6xRRd8dTPVVptg711_CSPADRfg/HdqHfOg4uzPGKGFVSJhYesmxZNw\"",
   "id": "uxmP4b2a0uY",
   "snippet": {
    "publishedAt": "2019-11-27T09:00:07.000Z",
    "channelId": "UCEf_Bc-KVd7onSeifS3py9g",
    "title": "EXO 엑소 'Obsession' MV",
    "description": "EXO's the 6th album \"OBSESSION\" is out!\nListen and download on your favorite platform: http://smarturl.it/EXO_OBSESSION\n\n[Tracklist]\n01 Obsession\n02 Trouble\n03 지킬 (Jekyll)\n04 춤 (Groove)\n05 Ya Ya Ya\n06 Baby You Are\n07 Non Stop\n08 오늘도 (Day After Day)\n09 나비효과 (Butterfly Effect)\n10 嗜 (Obsession)\n\nEXO Official\nhttp://exo.smtown.com\nhttp://www.youtube.com/weareoneEXO\nhttp://www.facebook.com/weareoneEXO\nhttp://www.instagram.com/weareone.exo\nhttp://twitter.com/weareoneEXO\n\n#EXO #엑소 #Obsession\nEXO 엑소 'Obsession' MV ℗ SM Entertainment",
    "thumbnails": {
     "default": {
      "url": "https://i.ytimg.com/vi/uxmP4b2a0uY/default.jpg",
      "width": 120,
      "height": 90
     },
     "medium": {
      "url": "https://i.ytimg.com/vi/uxmP4b2a0uY/mqdefault.jpg",
      "width": 320,
      "height": 180
     },
     "high": {
      "url": "https://i.ytimg.com/vi/uxmP4b2a0uY/hqdefault.jpg",
      "width": 480,
      "height": 360
     },
     "standard": {
      "url": "https://i.ytimg.com/vi/uxmP4b2a0uY/sddefault.jpg",
      "width": 640,
      "height": 480
     },
     "maxres": {
      "url": "https://i.ytimg.com/vi/uxmP4b2a0uY/maxresdefault.jpg",
      "width": 1280,
      "height": 720
     }
    },
    "channelTitle": "SMTOWN",
    "tags": [
     "EXO",
     "X-EXO",
     "OBSESSION",
     "MV",
     "SUHO",
     "CHEN",
     "CHANYEOL",
     "BAEKHYUN",
     "KAI",
     "SEHUN",
     "엑소",
     "엑스엑소",
     "옵세션",
     "뮤비",
     "뮤직비디오",
     "수호",
     "첸",
     "찬열",
     "백현",
     "카이",
     "세훈"
    ],
    "categoryId": "10",
    "liveBroadcastContent": "none",
    "localized": {
     "title": "EXO 엑소 'Obsession' MV",
     "description": "EXO's the 6th album \"OBSESSION\" is out!\nListen and download on your favorite platform: http://smarturl.it/EXO_OBSESSION\n\n[Tracklist]\n01 Obsession\n02 Trouble\n03 지킬 (Jekyll)\n04 춤 (Groove)\n05 Ya Ya Ya\n06 Baby You Are\n07 Non Stop\n08 오늘도 (Day After Day)\n09 나비효과 (Butterfly Effect)\n10 嗜 (Obsession)\n\nEXO Official\nhttp://exo.smtown.com\nhttp://www.youtube.com/weareoneEXO\nhttp://www.facebook.com/weareoneEXO\nhttp://www.instagram.com/weareone.exo\nhttp://twitter.com/weareoneEXO\n\n#EXO #엑소 #Obsession\nEXO 엑소 'Obsession' MV ℗ SM Entertainment"
    },
    "defaultAudioLanguage": "ko"
   },
   "contentDetails": {
    "duration": "PT3M40S",
    "dimension": "2d",
    "definition": "hd",
    "caption": "true",
    "licensedContent": true,
    "projection": "rectangular"
   },
   "statistics": {
    "viewCount": "10226955",
    "likeCount": "1657980",
    "dislikeCount": "32382",
    "favoriteCount": "0",
    "commentCount": "268742"
   }
  },
  {
   "kind": "youtube#video",
   "etag": "\"j6xRRd8dTPVVptg711_CSPADRfg/nJwFFrm7PvTzIW_eN7nOXHiP6P4\"",
   "id": "CRD3TZgoCgU",
   "snippet": {
    "publishedAt": "2019-11-25T22:31:51.000Z",
    "channelId": "UCpr5mSSUbIQU816dNjaDdyg",
    "title": "ZIVA - TANYA HATI (Pasto) - SPEKTA SHOW TOP 14 - Indonesian Idol 2020",
    "description": "#IndonesianIdol #HomeOfTheIdols #IdolSpektaTop14\n\nhttps://www.tokopedia.com/play/campaign/indonesian-idol\n\nIt's Indonesian Idol 2019 HOME OF THE IDOLS!\n\nDaniel Mananta kembali sebagai host. Dan dengan Ari Lasso, Anang Hermansyah, BCL, Judika, dan Maia Estianty ikut meramaikan sebagai Juri Indonesian Idol 2019!\n\nSubscribe now for more Indonesian Idol videos: \nhttp://youtube.com/IndonesianIdol\n\nLike Indonesian Idol on Facebook:\nhttp://www.facebook.com/IndonesianIdolOfficial\n\nFollow Indonesian Idol on Twitter:\nhttp://twitter.com/IndonesianIdol\n\nDo You Have Instagram, follow us:\nwww.instagram.com/indonesianidolid",
    "thumbnails": {
     "default": {
      "url": "https://i.ytimg.com/vi/CRD3TZgoCgU/default.jpg",
      "width": 120,
      "height": 90
     },
     "medium": {
      "url": "https://i.ytimg.com/vi/CRD3TZgoCgU/mqdefault.jpg",
      "width": 320,
      "height": 180
     },
     "high": {
      "url": "https://i.ytimg.com/vi/CRD3TZgoCgU/hqdefault.jpg",
      "width": 480,
      "height": 360
     },
     "standard": {
      "url": "https://i.ytimg.com/vi/CRD3TZgoCgU/sddefault.jpg",
      "width": 640,
      "height": 480
     },
     "maxres": {
      "url": "https://i.ytimg.com/vi/CRD3TZgoCgU/maxresdefault.jpg",
      "width": 1280,
      "height": 720
     }
    },
    "channelTitle": "Indonesian Idol",
    "tags": [
     "Indonesian",
     "idol",
     "season",
     "10",
     "tv",
     "television",
     "RCTI",
     "home",
     "of",
     "the",
     "idols",
     "host",
     "daniel",
     "mananta",
     "judges",
     "ari",
     "lasso",
     "maia",
     "estianty",
     "judika",
     "sihotang",
     "bunga",
     "citra",
     "lestari",
     "anang",
     "hermansyah",
     "min",
     "eps",
     "episode",
     "14",
     "spekta",
     "02",
     "show",
     "top",
     "ziva",
     "tanya",
     "hati",
     "pasto"
    ],
    "categoryId": "24",
    "liveBroadcastContent": "none",
    "localized": {
     "title": "ZIVA - TANYA HATI (Pasto) - SPEKTA SHOW TOP 14 - Indonesian Idol 2020",
     "description": "#IndonesianIdol #HomeOfTheIdols #IdolSpektaTop14\n\nhttps://www.tokopedia.com/play/campaign/indonesian-idol\n\nIt's Indonesian Idol 2019 HOME OF THE IDOLS!\n\nDaniel Mananta kembali sebagai host. Dan dengan Ari Lasso, Anang Hermansyah, BCL, Judika, dan Maia Estianty ikut meramaikan sebagai Juri Indonesian Idol 2019!\n\nSubscribe now for more Indonesian Idol videos: \nhttp://youtube.com/IndonesianIdol\n\nLike Indonesian Idol on Facebook:\nhttp://www.facebook.com/IndonesianIdolOfficial\n\nFollow Indonesian Idol on Twitter:\nhttp://twitter.com/IndonesianIdol\n\nDo You Have Instagram, follow us:\nwww.instagram.com/indonesianidolid"
    }
   },
   "contentDetails": {
    "duration": "PT10M39S",
    "dimension": "2d",
    "definition": "hd",
    "caption": "false",
    "licensedContent": true,
    "projection": "rectangular"
   },
   "statistics": {
    "viewCount": "3385205",
    "likeCount": "106690",
    "dislikeCount": "15281",
    "favoriteCount": "0",
    "commentCount": "12009"
   }
  },
  {
   "kind": "youtube#video",
   "etag": "\"j6xRRd8dTPVVptg711_CSPADRfg/t68ejY4MKTiiDaRe_zv5EYef4QU\"",
   "id": "-GuABaqCUPw",
   "snippet": {
    "publishedAt": "2019-11-25T16:13:19.000Z",
    "channelId": "UCkB_AwGXxPAKdahxGHpeC4Q",
    "title": "[ID Bahasa] PMCO Global Prelims Day 3 | Vivo | Fall Split | PUBG MOBILE CLUB OPEN 2019",
    "description": "The PUBG MOBILE Club Open Fall Spilt Global Finals held in Malaysia is made up of two parts, including prelim which will be played from Nov. 23th to Nov. 25th , and Global Final which will be played from Nov. 29th to Dec. 1st . There are 16 teams from 11 different regions competing in the prelim, they are from South East Asia, South Asia, Wildcard, Malaysia, Europe, North America, Middle East, South America, China, Japan, and Korea. The 3 teams whose aggregate scores ranked top 3 will enter the Global Final played on Nov. 29th .",
    "thumbnails": {
     "default": {
      "url": "https://i.ytimg.com/vi/-GuABaqCUPw/default.jpg",
      "width": 120,
      "height": 90
     },
     "medium": {
      "url": "https://i.ytimg.com/vi/-GuABaqCUPw/mqdefault.jpg",
      "width": 320,
      "height": 180
     },
     "high": {
      "url": "https://i.ytimg.com/vi/-GuABaqCUPw/hqdefault.jpg",
      "width": 480,
      "height": 360
     }
    },
    "channelTitle": "PUBG MOBILE Indonesia",
    "tags": [
     "pubg",
     "pubgmobile",
     "pubg mobile",
     "pubg mobile indonesia",
     "pubgm indonesia"
    ],
    "categoryId": "20",
    "liveBroadcastContent": "none",
    "localized": {
     "title": "[ID Bahasa] PMCO Global Prelims Day 3 | Vivo | Fall Split | PUBG MOBILE CLUB OPEN 2019",
     "description": "The PUBG MOBILE Club Open Fall Spilt Global Finals held in Malaysia is made up of two parts, including prelim which will be played from Nov. 23th to Nov. 25th , and Global Final which will be played from Nov. 29th to Dec. 1st . There are 16 teams from 11 different regions competing in the prelim, they are from South East Asia, South Asia, Wildcard, Malaysia, Europe, North America, Middle East, South America, China, Japan, and Korea. The 3 teams whose aggregate scores ranked top 3 will enter the Global Final played on Nov. 29th ."
    }
   },
   "contentDetails": {
    "duration": "PT6H50M26S",
    "dimension": "2d",
    "definition": "hd",
    "caption": "false",
    "licensedContent": false,
    "projection": "rectangular"
   },
   "statistics": {
    "viewCount": "2097831",
    "likeCount": "59367",
    "dislikeCount": "2039",
    "favoriteCount": "0",
    "commentCount": "1215"
   }
  },
  {
   "kind": "youtube#video",
   "etag": "\"j6xRRd8dTPVVptg711_CSPADRfg/XCeGI4TVhWNkWlwtMrIkLFFlTow\"",
   "id": "ihSQUBV_X1k",
   "snippet": {
    "publishedAt": "2019-11-27T04:28:17.000Z",
    "channelId": "UCYJo04cZFlwL3XNnJ8aYtTw",
    "title": "Andmesh - Kumau Dia (Official Music Video)",
    "description": "Hampir semua orang pasti pernah mengalami cinta dengan yang berbeda, berbeda Agama, keyakinan, & prinsip. Banyak hal yang dapat dialami dalam sebuah hubungan, yang bisa kita lakukan? Percaya dan buat pasangan yang kamu cintai ini adalah memang akan jodoh dan kamu benar - benar \"Mau Dia\" jadi pasangan mu!\n\n\nStreaming on Spotify: https://smarturl.it/cintaluarbiasa/spotify\nDownload on iTunes: https://smarturl.it/cintaluarbiasa/itunes\n\nKuharap semua ini bukan sekedar harapan\nDan juga harapan ini bukan sekedar khayalan\n\nBiarkan ku menjaganya sampai berkerut dan putih rambutnya, Jadi saksi cintaku padanya\n\n Tak main2 hatiku\nApapun rintangan-nya kuingin bersama dia\n\nReff:\nKumau dia, tak mau yang lain\nHanya dia yang slalu ada, kala susah dan senangku\nKumau dia, Walau banyak perbedaan\nKuingin dia bahagia hanyalah denganku\n\nBukan ku memaksa Oh tuhan\nTapi kucinta dia\n\nExecutive Producer Lina Priscilla for Hits Records\nMusic Produced by Keke Kananta\n\nSong & Lyrics by Andmesh Kamaleng\nArranged by Nico Veryandi\nGuitar by Lutfi Firmansyah (Abaow)\nMixing & Mastering by Wawan Qreebow\nVocal Director by Irvnat\nEngineered by Aldi Fachrobby @ Bro's Studio\n\nPublishing owned by Star Cipta Musikindo\n\nVideo Production by KAUSA\n\nDirector: Isdam Atrahadena\nCreative Director: Vega Prabumi\nIn collaboration with \nMake Up Artist:  Heny Suryani @misshenysuryani\nVenue: Bumi Bandhawa Bandung\n\nMusic Video Supervisor : Gilang Ramadhan\nBehind The Scene Coordinator : Cipta Surya\n\nTalents : Anisa Puspita Sari & Gumilar Panji\n\nSubscribe Our Channel, Please Click This: http://goo.gl/sCxygA\n\nCatch us on SNS :\nhttps://twitter.com/HITSRec\nhttps://www.facebook.com/HitsRecordsofficial\nhttps://instagram.com/hits_records\n\nOfficial Site: www.hitsrecords.co.id\n\nDon't re-upload our content but you can share our video.\n © 2019 Copyrights & Trademark by HITS RECORDS\n\n#KumauDia #Andmesh #LaguGalau",
    "thumbnails": {
     "default": {
      "url": "https://i.ytimg.com/vi/ihSQUBV_X1k/default.jpg",
      "width": 120,
      "height": 90
     },
     "medium": {
      "url": "https://i.ytimg.com/vi/ihSQUBV_X1k/mqdefault.jpg",
      "width": 320,
      "height": 180
     },
     "high": {
      "url": "https://i.ytimg.com/vi/ihSQUBV_X1k/hqdefault.jpg",
      "width": 480,
      "height": 360
     },
     "standard": {
      "url": "https://i.ytimg.com/vi/ihSQUBV_X1k/sddefault.jpg",
      "width": 640,
      "height": 480
     },
     "maxres": {
      "url": "https://i.ytimg.com/vi/ihSQUBV_X1k/maxresdefault.jpg",
      "width": 1280,
      "height": 720
     }
    },
    "channelTitle": "HITS Records",
    "tags": [
     "HITS Records",
     "kumau dia",
     "cinta beda agama",
     "cinta beda agama lirik",
     "lagu patah hati lagu paling sedih",
     "lagu patah hati lagu paling sedih barat",
     "lagu patah hati lagu paling sedih korea",
     "lagu patah hati lagu paling sedih 2019",
     "lagu patah hati lagu paling sedih indonesia",
     "ku mau dia tak mau yang lain",
     "andmesh ku mau dia tak mau yang lain",
     "andmesh hanya rindu",
     "lagu galau 2000an"
    ],
    "categoryId": "10",
    "liveBroadcastContent": "none",
    "localized": {
     "title": "Andmesh - Kumau Dia (Official Music Video)",
     "description": "Hampir semua orang pasti pernah mengalami cinta dengan yang berbeda, berbeda Agama, keyakinan, & prinsip. Banyak hal yang dapat dialami dalam sebuah hubungan, yang bisa kita lakukan? Percaya dan buat pasangan yang kamu cintai ini adalah memang akan jodoh dan kamu benar - benar \"Mau Dia\" jadi pasangan mu!\n\n\nStreaming on Spotify: https://smarturl.it/cintaluarbiasa/spotify\nDownload on iTunes: https://smarturl.it/cintaluarbiasa/itunes\n\nKuharap semua ini bukan sekedar harapan\nDan juga harapan ini bukan sekedar khayalan\n\nBiarkan ku menjaganya sampai berkerut dan putih rambutnya, Jadi saksi cintaku padanya\n\n Tak main2 hatiku\nApapun rintangan-nya kuingin bersama dia\n\nReff:\nKumau dia, tak mau yang lain\nHanya dia yang slalu ada, kala susah dan senangku\nKumau dia, Walau banyak perbedaan\nKuingin dia bahagia hanyalah denganku\n\nBukan ku memaksa Oh tuhan\nTapi kucinta dia\n\nExecutive Producer Lina Priscilla for Hits Records\nMusic Produced by Keke Kananta\n\nSong & Lyrics by Andmesh Kamaleng\nArranged by Nico Veryandi\nGuitar by Lutfi Firmansyah (Abaow)\nMixing & Mastering by Wawan Qreebow\nVocal Director by Irvnat\nEngineered by Aldi Fachrobby @ Bro's Studio\n\nPublishing owned by Star Cipta Musikindo\n\nVideo Production by KAUSA\n\nDirector: Isdam Atrahadena\nCreative Director: Vega Prabumi\nIn collaboration with \nMake Up Artist:  Heny Suryani @misshenysuryani\nVenue: Bumi Bandhawa Bandung\n\nMusic Video Supervisor : Gilang Ramadhan\nBehind The Scene Coordinator : Cipta Surya\n\nTalents : Anisa Puspita Sari & Gumilar Panji\n\nSubscribe Our Channel, Please Click This: http://goo.gl/sCxygA\n\nCatch us on SNS :\nhttps://twitter.com/HITSRec\nhttps://www.facebook.com/HitsRecordsofficial\nhttps://instagram.com/hits_records\n\nOfficial Site: www.hitsrecords.co.id\n\nDon't re-upload our content but you can share our video.\n © 2019 Copyrights & Trademark by HITS RECORDS\n\n#KumauDia #Andmesh #LaguGalau"
    },
    "defaultAudioLanguage": "id"
   },
   "contentDetails": {
    "duration": "PT4M58S",
    "dimension": "2d",
    "definition": "hd",
    "caption": "false",
    "licensedContent": true,
    "projection": "rectangular"
   },
   "statistics": {
    "viewCount": "2136838",
    "likeCount": "184735",
    "dislikeCount": "1172",
    "favoriteCount": "0",
    "commentCount": "12661"
   }
  },
  {
   "kind": "youtube#video",
   "etag": "\"j6xRRd8dTPVVptg711_CSPADRfg/NSVEZIGh2L5q04i_JtCe6Rqt2DE\"",
   "id": "4PIq7giIrog",
   "snippet": {
    "publishedAt": "2019-11-27T11:15:56.000Z",
    "channelId": "UCJdzixqmMBoCMoMkrQ8F8FQ",
    "title": "SENYUM MANJA!! CEWE CUBY INI KESEM SEM & BAPER SENDIRI, PRANK CEWE BENGKULU",
    "description": "Download binomo sekarang & dapatkan $1000 gratis untuk akun demo\nhttp://bit.ly/2ETHaWr\n\nAssalamualaikum borrr, kali ini kita prank cewe bengkulu borrr , manis dan lucunya minta amoun, kuy nonton sampai habis borrr, salam brengoyyy.\n\nJangan Lupa like,comment dan subscribe!!\n\nBeli koper untuk jalan-jalan, murah tanpa ribet dan kece hanya di tokopedia borrr\nhttp://tkp.me/kopermurahangga\n\n\nYang kepo instagram dinda klik link ini ya, Ini instagram asli borrr awas jangan sampai tertipu!!\nhttps://instagram.com/dindacitranoov\n\nDENGARKAN LAGU TERBARU SAYA\nSEMUA DEMI KAMU\nhttps://youtu.be/zzQjufN3pDs\n\nInstagram : https://bit.ly/2Tt9gjS\nSubscribe : https://bit.ly/2SGu43e\n\nDENGARKAN JUGA LAGU PERTAMA SAYA\nSAMPAI TUTUP USIA\nhttps://youtu.be/XjxTG2mjzOk\n\n==================================\n\nUNTUK KEPERLUAN BISNIS HUBUNGI EMAIL INI YA\n081211121691 ( TYAR )\nAnggacandra1991@gmail.com",
    "thumbnails": {
     "default": {
      "url": "https://i.ytimg.com/vi/4PIq7giIrog/default.jpg",
      "width": 120,
      "height": 90
     },
     "medium": {
      "url": "https://i.ytimg.com/vi/4PIq7giIrog/mqdefault.jpg",
      "width": 320,
      "height": 180
     },
     "high": {
      "url": "https://i.ytimg.com/vi/4PIq7giIrog/hqdefault.jpg",
      "width": 480,
      "height": 360
     },
     "standard": {
      "url": "https://i.ytimg.com/vi/4PIq7giIrog/sddefault.jpg",
      "width": 640,
      "height": 480
     },
     "maxres": {
      "url": "https://i.ytimg.com/vi/4PIq7giIrog/maxresdefault.jpg",
      "width": 1280,
      "height": 720
     }
    },
    "channelTitle": "Angga Candra",
    "tags": [
     "prankgokil",
     "prankkocak",
     "prankngakak. prankngamen",
     "prankgila",
     "prankbikinbaper",
     "pranklucu",
     "lucutv",
     "lucu",
     "lucubanget",
     "kocak",
     "kocakbanget",
     "ngakakabis",
     "kocakabis",
     "kucakbanget",
     "prankbaper",
     "prankgalau",
     "viral",
     "biralbanget",
     "indoviral",
     "indovidgram",
     "indohits",
     "indonesiaviral",
     "aseppales",
     "pengamenkocak",
     "pengamenganteng",
     "pengamenbersuaraemas",
     "pengamenbaper",
     "pengamenbikinbaper",
     "pengamenviral",
     "pengamengalau"
    ],
    "categoryId": "24",
    "liveBroadcastContent": "none",
    "localized": {
     "title": "SENYUM MANJA!! CEWE CUBY INI KESEM SEM & BAPER SENDIRI, PRANK CEWE BENGKULU",
     "description": "Download binomo sekarang & dapatkan $1000 gratis untuk akun demo\nhttp://bit.ly/2ETHaWr\n\nAssalamualaikum borrr, kali ini kita prank cewe bengkulu borrr , manis dan lucunya minta amoun, kuy nonton sampai habis borrr, salam brengoyyy.\n\nJangan Lupa like,comment dan subscribe!!\n\nBeli koper untuk jalan-jalan, murah tanpa ribet dan kece hanya di tokopedia borrr\nhttp://tkp.me/kopermurahangga\n\n\nYang kepo instagram dinda klik link ini ya, Ini instagram asli borrr awas jangan sampai tertipu!!\nhttps://instagram.com/dindacitranoov\n\nDENGARKAN LAGU TERBARU SAYA\nSEMUA DEMI KAMU\nhttps://youtu.be/zzQjufN3pDs\n\nInstagram : https://bit.ly/2Tt9gjS\nSubscribe : https://bit.ly/2SGu43e\n\nDENGARKAN JUGA LAGU PERTAMA SAYA\nSAMPAI TUTUP USIA\nhttps://youtu.be/XjxTG2mjzOk\n\n==================================\n\nUNTUK KEPERLUAN BISNIS HUBUNGI EMAIL INI YA\n081211121691 ( TYAR )\nAnggacandra1991@gmail.com"
    },
    "defaultAudioLanguage": "id"
   },
   "contentDetails": {
    "duration": "PT13M40S",
    "dimension": "2d",
    "definition": "hd",
    "caption": "false",
    "licensedContent": true,
    "projection": "rectangular"
   },
   "statistics": {
    "viewCount": "781501",
    "likeCount": "29877",
    "dislikeCount": "695",
    "favoriteCount": "0",
    "commentCount": "3051"
   }
  }
 ]
}
